<?xml version="1.0" encoding="UTF-8"?>
<project-private xmlns="http://www.netbeans.org/ns/project-private/1">
    <editor-bookmarks xmlns="http://www.netbeans.org/ns/editor-bookmarks/2" lastBookmarkId="0"/>
    <open-files xmlns="http://www.netbeans.org/ns/projectui-open-files/2">
        <group>
            <file>file:/C:/Users/zeuz5/Desktop/PACMAN-POOderoso/src/pacman/actor/Titulo.java</file>
            <file>file:/C:/Users/zeuz5/Desktop/PACMAN-POOderoso/src/pacman/actor/Iniciar.java</file>
            <file>file:/C:/Users/zeuz5/Desktop/PACMAN-POOderoso/src/pacman/actor/HUD.java</file>
            <file>file:/C:/Users/zeuz5/Desktop/PACMAN-POOderoso/src/pacman/infra/Teclado.java</file>
            <file>file:/C:/Users/zeuz5/Desktop/PACMAN-POOderoso/src/pacman/actor/Ghost.java</file>
            <file>file:/C:/Users/zeuz5/Desktop/PACMAN-POOderoso/src/pacman/actor/Pacman.java</file>
            <file>file:/C:/Users/zeuz5/Desktop/PACMAN-POOderoso/src/pacman/infra/Juego.java</file>
            <file>file:/C:/Users/zeuz5/Desktop/PACMAN-POOderoso/src/pacman/infra/Pantalla.java</file>
            <file>file:/C:/Users/zeuz5/Desktop/PACMAN-POOderoso/src/Pac/man/PacmanJuego.java</file>
            <file>file:/C:/Users/zeuz5/Desktop/PACMAN-POOderoso/src/Pac/man/PacmanActor.java</file>
            <file>file:/C:/Users/zeuz5/Desktop/PACMAN-POOderoso/src/main/Main.java</file>
            <file>file:/C:/Users/zeuz5/Desktop/PACMAN-POOderoso/src/pacman/actor/Food.java</file>
            <file>file:/C:/Users/zeuz5/Desktop/PACMAN-POOderoso/src/pacman/actor/PresentacionPOOderosa.java</file>
            <file>file:/C:/Users/zeuz5/Desktop/PACMAN-POOderoso/src/pacman/actor/Ready.java</file>
            <file>file:/C:/Users/zeuz5/Desktop/PACMAN-POOderoso/src/pacman/infra/PatronDeCaminoCorto.java</file>
            <file>file:/C:/Users/zeuz5/Desktop/PACMAN-POOderoso/src/pacman/actor/Background.java</file>
            <file>file:/C:/Users/zeuz5/Desktop/PACMAN-POOderoso/src/pacman/infra/RepresentacionDeLetras.java</file>
            <file>file:/C:/Users/zeuz5/Desktop/PACMAN-POOderoso/src/pacman/actor/GameOver.java</file>
            <file>file:/C:/Users/zeuz5/Desktop/PACMAN-POOderoso/src/pacman/actor/Point.java</file>
            <file>file:/C:/Users/zeuz5/Desktop/PACMAN-POOderoso/src/pacman/actor/PowerBall.java</file>
            <file>file:/C:/Users/zeuz5/Desktop/PACMAN-POOderoso/src/pacman/infra/Actor.java</file>
        </group>
    </open-files>
</project-private>
